{"_version":"1.6.0","_beatsPerMinute":138,"_beatsPerBar":16,"_noteJumpSpeed":18,"_noteJumpStartBeatOffset":0,"_shuffle":0,"_shufflePeriod":0.5,"_warnings":[],"_information":[],"_suggestions":[],"_requirements":[],"_events":[],"_notes":[],"_obstacles":[{"_time":171,"_lineIndex":0,"_type":1234,"_duration":1.5,"_width":2},{"_time":173,"_lineIndex":3,"_type":3412,"_duration":0.5,"_width":1},{"_time":173.5,"_lineIndex":2,"_type":2124,"_duration":1,"_width":2},{"_time":175,"_lineIndex":0,"_type":1245,"_duration":2,"_width":1},{"_time":177,"_lineIndex":3,"_type":2412,"_duration":2,"_width":1},{"_time":179,"_lineIndex":0,"_type":2312,"_duration":1.5,"_width":2},{"_time":181,"_lineIndex":3,"_type":3412,"_duration":0.5,"_width":1},{"_time":181.5,"_lineIndex":2,"_type":1234,"_duration":1.5,"_width":2},{"_time":183,"_lineIndex":0,"_type":3421,"_duration":2,"_width":1},{"_time":185,"_lineIndex":3,"_type":1111,"_duration":2,"_width":1}],"_time":276,"_BPMChanges":[],"_bookmarks":[]}